,text
0,I am finding myself a new computer that is sturdy with great body colour.
1,"I am buying a new laptop but I also want to do gaming on it, so it should run all games well."
2,I edit photos for a living and that's why the graphics must be great on my computer.
3,I won't depend too much on this laptop so I just need it to have a high performance-cost ratio.
4,I can get a cheap computer and upgrade it later on.
5,My step son wants a computer with not much bloatware.
6,I am willing to do some research for a good computer and currently I am finding one that play games with good frame rate.
7,I am looking for a computer that play games well with a reasonable price.
8,I want to change my old laptop and something cool that handle most games would be perfect.
9,"I need a computer come up with the 2018 standard in sound output, keyboard and trackpad."
10,"I am changing my old computer and I want the new to be quick, responsive and economical."
11,I play games on laptop and I need it to be fast.
12,"I got tired of using the old computer from office so I need a new, fast computer."
13,"My old computer is not working and I need a light, new computer with a good screen."
14,I would use the laptop for my graphic design classes so I want it to be lightweight and sturdy for me to bring it to class.
15,I am finding a all-rounded computer that is sturdy and has great design.
16,I am changing from desktop to laptop and I want one that bootup fast with a quiet fan.
17,I do a couple of tasks on my laptop si I want it to run games well with a reasonable price.
18,"I normally connect my laptop to my tv for gaming and I hope the new laptop do great in that, without being overheated."
19,The bootup should be fast on my computer.
20,I tend to use my next computer for a long time so the graphics ought to be beautiful.
21,I have never had a laptop before and so I am finding one that can run games with an amazing battery life.
22,My past laptop just died a few days ago and I am in urgent for a computer that is well balanced for the price.
23,"For the specs, I specifically need a near-full-size keyboard and a non-glossy screen."
24,I am taking the laptop to school and I want it to have a good selection of ports for my use.
25,I am looking for a quiet computer with a good price.
26,"As a college student, I need a great computer with an amazing price."
27,My last computer was still working but I decided to go for a faster computer which is reasonably priced.
28,I am in need of a new computer and it should work fantasticly for games.
29,A good sound output is necessary.
30,Speed is the aspect I look into when purchasing a new computer.
31,I would look carefully with all the specs that come with the computer and I want it to boot up fast with a great price.
32,I am finding a sturdy computer with a nice keyboard.
33,"My dream computer would the one with marvellous design, pleasing audio system and amazing specs."
34,I have a few points to note for a perfect laptop.
35,I need a new computer for myself that feel nice and run games well.
36,I am into coding and I need a new computer with plenty of RAM and amazing build quality.
37,I am changing my old laptop and I want a fast one that is well designed and great for gaming.
38,I am finding a solid computer with a lighted charger.
39,I need a new computer for myself that is solidly built and has lots of features.
40,My son wants a computer that has cool colours on keyboard.
41,I am looking for a computer that will fit my budget.
42,I sometimes have long meetings so a computer with long battery life is a must.
43,My gaming niece wants some right specs for his computer.
44,I am in college and I need a sturdy and solid computer that comes with a high response rate.
45,I don't really have huge budget and all I want is an affordable computer that can play games well.
46,I need a computer within my budget.
47,I'm an IT student and I need a computer that looks cool.
48,I need a powerful laptop to bring to class so it should be small but with a big screen for multitasking.
49,I am finding the best computer with the best price.
50,A fast computer with a reasonable price is what I need.
51,I won't pay too much money for a good computer.
52,I am finding a computer with great price.
53,I need to change my old laptop and I need one that run quietly and cool.
54,Speed is important for my computer.
55,I play games on laptop and I am finding a professional computer for that.
56,I am just a student so I need a computer with low price.
57,I used to use PCs but now I want a laptop with good hardware.
58,I would be happy to receive a quality computer with my money paid.
59,A fast computer that is cheap and easy to use would be my ideal computer.
60,I tend to look at other's reviews before purchasing a computer and I want one that play games well and quietly.
61,I need a new computer to support my work that is solidly built with low cost.
62,I am replacing my old computer which I want a new one that has cool design and beautiful display.
63,"Once I find a computer that fits my needs, I am willing to spend the appropiate amount of money."
64,I am finding myself a perfect gaming laptop.
65,I don't want my old computer anymore and I am finding a new one that boots fast.
66,"I do create art in Photoshop, and as a result I need a computer that can handle large files perfectly."
67,I don't want the new computer to constantly lag as my previous computer.
68,I am planning to find a new laptop that has a good processor and build well.
69,I know a lot of things about computer and I am now finding a economical computer for myself.
70,I do a lot of gaming and I am in need of a new computer that perform well in that aspect.
71,I am finding myself a nice computer which is fast and nicely designed.
72,I need a new computer that comes with a good price.
73,I am lacking money currently but I need a computer with nice price.
74,I don't have much criteria for my new computer.
75,I wish I would be happy with the money I spent for a perfect computer.
76,My old computer needs replacement and I hope the new one comes with great specs and run smoothly.
77,I am buying a computer as Christmas present for my son and he specifies that it has to be great for games.
78,I cannot put a thick laptop into my bag.
79,I am finding myself a new computer that has a fast refresh rate and good video card.
80,My old computer doesn't work for me anymore and I need a sleek one which has good battery life and runs games perfectly.
81,I am looking for a powerful workstation with a high performance-cost ratio.
82,I am looking for strong gaming laptop and it should be able to handle demanding games with a good build quality.
83,My old computer is too slow so I need a new one.
84,I like to stick to one brand while purchasing computer and this time I want one with unique look.
85,I like having computers having high performance-cost ratio.
86,My wife need a computer to do her college work and she needs it to bootup fast and play games well.
87,I am going through a replacement of my old computer and I want the new one to come with good specs and great display colour.
88,I want the computer to come with a high performance-cost ratio.
89,I need a new computer with high performance-cost ratio immediately because my old one is not working.
90,I am a software engineer and I need a fast computer with nice graphics.
91,I have used my old computer for over 10 years and now I need a nice looking computer.
92,I need to have a decent computer with a decent price.
93,What I expect is a good computer with a high performance-cost ratio.
94,My old computer has broken down and I am finding a new one that is easily upgradable with a high performance-cost ratio.
95,Now I'm in college and I need a quiet computer to work with.
96,I am changing my old computer to a more classy-looking one.
97,I need a computer with excellent expandability.
98,My old computer needs a replacement and the new one should be easy to set up while running cool.
99,"As a responsible student, I am finding a big and full sized laptop to bring to college."
100,I am finding myself a new computer without a ton of bloatware.
101,I am looking for a computer with an excellent sound output.
102,My family is going to have a new laptop and we are looking for a fast one with great graphics.
103,I am finding a budget gaming laptop that a responsive and nicely backlit keyboard is a must.
104,I am an engineering student and am finding myself a fast computer with superb specs.
105,I am looking for myself a work station but can run lots of games with a good price.
106,I need a computer with good specs.
107,I took hours to do my paper so the computer should have impressive battery life.
108,I am a college student so I need a cheap computer which can last long for battery life.
109,I do literally everything on my laptop so I hope it to be easily upgradable and have a reasonable price.
110,I look into various factors while buying my new computer.
111,I need a computer that works good for working and gaming without a high price.
112,I do virtualisation on my computer so I need a responsive laptop.
113,I enjoy playing games on my laptop so I hope the laptop do magnificent job of graphics and gameplay.
114,I do a lot of typing work so I hope the surface would be comfortable to rest my hands on.
115,"My old computer has stopped working so I need a new computer with good internal specs, also, it should be fast and have amazing battery life."
116,I am trying to find a gaming laptop that goes really fast.
117,I have used my old computer for a long time and I am planning to replace it with a new one that has a much faster processing speed.
118,I want to play games on my new computer so it should response quickly.
119,My old computer can't really play games so I want a new one that can play games at high settings.
120,I would use the computer for gaming and home schooling so I hope it's well built with a reasonable price.
121,I got to use a lot of graphics and processing-heavy programmes so I hope the computer has no issues with them.
122,I like playing games so I hope the new computer can play games at high settings effortlessly.
123,I don't really have much money but I wish to have a computer that can run games on ultra graphic settings.
124,"My old computer doesn't work anymore so I need a new computer with cool graphics, CPU, RAM and ports."
125,I need a computer with a high-performance-cost ratio.
126,I am new to gaming laptop and I want one that run flawlessly for games.
127,I use the computer for my personal use and I hope it won't heat up if overused.
128,I have done some research on my new computer and I want a really fast one.
129,I produce music so I hope the new computer works great for the software with a reasonable price.
130,I don't require much for my new computer but speed is important.
131,I need a good laptop with reasonable price.
132,I checked many computers on Amazon and I want to find one with high performance-cost ratio.
133,I want to find a fast computer for my cousin.
134,I am finding some recommendations for a new computer that is fast and have both nice cooling system and battery life.
135,I need a new computer that my video games can function well on it.
136,I would use the computer for light gaming so I hope the computer would play games well.
137,I don't have much money so good price is important for a new computer.
138,I look into graphics so I need a computer that can handle heavy graphics.
139,I care about the feel so the computer should be solid enough.
140,I do multitasking so I need a good system to come with the laptop.
141,A computer that runs games well with a low cost is what I needed.
142,I like gaming so I need a laptop that run games well.
143,"Everyday I need to use my laptop so I need a big screen and a great keyboard to make it comfortable, of course, it should be fast also."
144,I expect my new computer will be fast and reasonably priced.
145,"For my gaming laptop, I want it to have a beautiful design."
146,I need a really fast computer.
147,I cannot spend too much on the computer so I need one with a reasonable price.
148,I play a number of games so I want the computer to run games well.
149,I want to spend as less as possible on my new laptop.
150,A nice looking computer would be suitable for me.
151,I need a computer with a reasonable price.
152,I would use the new computer with my wife so I want it to look sleek and have a good speaker.
153,I need a computer that is good for multitasking.
154,I don't want to annoy others so I need a quiet computer.
155,I need a new gaming laptop with some good build quality.
156,I need a engineering work station so the computer should be fast.
157,I need a computer to handle my school work so it should run fast.
158,I don't play many games but I still hope the computer would play games well.
159,I need some good price for my computer as I am lacking money.
160,I am a student so I need a computer that come with the perfect size and run games well.
161,I want an amazing touch pad for my computer.
162,I need a fast computer with a low budget.
163,I know something about computer and all I want is a good-looking computer that play games well.
164,I hope the computer will fit with my budget.
165,Specs are what I look into when buying a new computer so the keyboard and trackpad must be decent.
166,Photo editing is my job so I would need a computer that have good screen resolution.
167,I need a computer with a reasonable price.
168,I enjoy playing games and I would like the games to display well with good speaker and good graphic performance.
169,I am finding for a new gaming laptop.
170,I am trying to find a new gaming laptop that plays my games fast and quietly.
171,I enjoy playing games on my laptop so I need a new one that have good specs with a reasonable price.
172,I pay attention to gaming experience so I need a new laptop with amazing gaming performance.
173,I am buying my first laptop and I have thought of some requirement for it.
174,I am considering to change my old computer and what I need is a computer with a high performance-cost ratio and long battery life.
175,I am looking for a computer that will boot fast and play games with ease.
176,I want to find a laptop that can play games with my friends so I need it to have great performance for gaming and be cheap.
177,"As a college student, I am finding a sturdy computer with a nice revolving camera."
178,I need a computer for my work and I want it to be light and easy to carry for my meetings.
179,One of my flight attendent mentioned she wanted a light computer.
180,I am planning to buy a computer as a present and all she wanted is a computer that is lightweight and has a long battery life.
181,I need a computer with great performance and cost.
182,I travel a lot so I would like to have a sturdy and handy laptop.
183,I am replacing my old laptop for a better-sized laptop.
184,I need a perfect laptop for my office work in which it should be small and handy.
185,My husband has to go for business trip so he needs a laptop with perfect size.
186,I want to have the best laptop with the least money.
187,I am finding a new computer that has a high performance-cost ratio.
188,I don't have an unlimited budget so I want a computer with a large screen and a fast processor.
189,My budget is limited and I need a computer with a great price.
190,I want to have a new computer that comes with the highest performance-cost ratio.
191,My regular computer needs repairment so I am finding a new one with nice display in a low cost.
192,I enjoy surfing the internet with no cords needed in a good price.
193,The only requirement I have for my computer is it has to be easy to use.
194,"I need everything to be easy on my computer, including setup and usage."
195,I am getting a new computer with impressing specs to play games well.
196,My old computer is not working and I need a fast and well built one.
197,I have been doing a lot of research on computers and I have been longing for a computer that is light and fast.
198,I need a nice computer for my work and it should come with awesome specs with a great price.
199,My work requires for a better computer that comes with a sturdy keyboard with useful backlighting.
200,"As a fairly active gamer, I need a computer that is solid and bootup fast."
201,I am planning to replace my old computer and I need the new one to run games fabulously.
202,I am finding a computer to do a couple of gaming so it should run games smoothly with amazing graphics.
203,I work in IT for a living and I am buying myself a economical computer that does not have a reflective screen.
204,I am looking for a new economical computer for myself and it should bootup fast and have a beautiful display.
205,I want to find a computer with high performance-cost ratio that would be perfect to use in trips.
206,I am a console gamer but now I am finding a gaming laptop that has amazing speed and awesome graphics.
207,I need some great specs for my computer.
208,Our business need a computer that comes with a high performance-cost ratio.
209,I plan to do some laptop gaming so it should play games well and fast.
210,A computer with a high performance-cost ratio is what I need.
211,I am finding a replacement for a higher performance-cost ratio.
212,I need a fast computer.
213,I play games so I need a laptop to perform well in those.
214,My old computer doesn't perform games well so I need a new one.
215,I am a video editor and I need a good looking computer.
216,I want a computer that run games without issues.
217,I want a computer that is thinner than my previous computer.
218,I need the best use of my money on a good computer.
219,I need a fast computer.
220,I want a powerful computer to come with a low price.
221,I need a computer that comes with a slim profile DVD burner.
222,I am going back to college later and so I need a laptop with a huge screen and a number pad on the keyboard.
223,Price is what I look into when purchasing a new computer.
224,I want to have the best use of the money I would spend on the computer.
225,I have limited budget so the computer should come with a good price.
226,A fast computer with a good price is what I want.
227,My brother needs a fast computer as his Christmas present.
228,I want a computer that do super fast startup and have a good processor.
229,I need a light computer which can turn on fast and run cool.
230,I want a computer with high performance-cost ratio.
231,I need the computer to boot up fast.
232,I need a computer with a reasonable price.
233,I want a light computer which can runs fast.
234,I need a fast laptop with good configuration.
235,"The computer should boot up and connect to the Wifi in a super fast way, but I don't want the price to be too high and the diplay should be great also."
236,I need a computer with a nice and sleek look and large space for my programmes.
237,I need a few criteria for my new computer.
238,I need a computer with cool extra hard drive that is fast and clear.
239,I want a quick laptop with amazing display.
240,I need a computer with a high performance-cost ratio and a large memory.
241,I need a light computer that runs fast.
242,"I want the computer to stay within a reasonable price range, having a sensible fingerprint sensor and large amount of storage."
243,I want a fast and light computer.
244,I need a computer which is fast and light.
245,The computer should be light for me to carry it around.
246,I love computer with great design.
247,I want the computer to be light enough for me to carry it around.
248,I need the screen to be great enough but not affecting the weight.
249,I want a fast computer with a nice fingerprint scanner to accelerate.
250,I need a computer that is light and start up fast.
251,I need a light computer.
252,The computer should have a light but large enough screen accomplished with speed.
253,The computer should be light.
254,I need a computer which can be opened as soon as possible and have strong wireless connection.
255,I need a fast computer in both typing responsiveness and log in time.
256,I want a quick computer with reasonable price.
257,I need a computer with great screen.
258,I need a good looking computer which stays within my budget.
259,"The computer should be slim, light and looking good."
260,The screen and touch pad should be great for my computer.
261,I need a quick and responsive computer.
262,I need a thin computer with an appealing design and a light weight.
263,I need a fast computer.
264,I need a well-built computer which is light and sleek so I can carry it around.
265,I want a computer that bring up my application quickly and I can work on a large screen with sharp imaging.
266,I need the screen to be nice and big while maintaining a light weight.
267,I need to have plenty of ports on the computer.
268,I want a light computer with a backlit keyboard and a clear bright screen.
269,I need a eye-catching display and a satisfying backlit keyboard for the computer.
270,I need a fast computer.
271,I want to have a new computer that is easy to setup.
272,"I am finding a replacement computer and it should be fast, light and easy to use."
273,My old computer needs replacement and I need a new one with a good screen size and tight and responsive keys.
274,I am looking for a high quality computer with a great price.
275,The computer I want should handle all my needs with a good price.
276,I expect to see some good pictures on the screen.
277,My old computer died so I need a new one immdiately with good picture and sound in a right price.
278,I am purchasing a new computer mainly for gaming so it should play games smoothly and have a gorgeous screen.
279,I am new to gaming laptop and I want some really good red back-lit keys because that looks cool.
280,I cannot play certain games with my friend on my old computer so I need a new laptop that play games well and stay in a good price.
281,I am planning to buy a new computer and I want it to play games well without a high price.
282,The old computer is not satisfying so I want to find a new computer that comes with great value.
283,I need a new computer to go to work so it should be fast and sturdy.
284,I want to have a new gaming laptop and I want a nice display to come with it.
285,Speed is the particular area I look into when purchasing a new computer.
286,I have got some expectations on my new computer as I need an amazing monitor and a good keyboard.
287,I am finding a fantastic bargain for my gaming computer.
288,I need some recommendations for an awesome gaming laptop.
289,I don't want an overheated computer so the cooling system should be quiet and efficient.
290,My dream gaming laptop is the one that runs games well.
291,I would have no complaints as long as the new computer would start up in seconds.
292,I need a present for my husband and I hope it can with a reasonable price.
293,I enjoy playing games and I want a new laptop that is good for gaming with a great price.
294,I am finding a new laptop for gaming and a short boot up time is expected.
295,I am buying a new gaming laptop for my husband and I want a red backlit keyboard so it would be warm and comfortable to his eyes.
296,I don't have a huge budget for my new computer so it should come with a good price.
297,A well-priced computer would be perfect for me.
298,I like to have good design on my new computer and it should own a reasonable price.
299,I am into gaming and I am finding a new computer that is fast and own a gorgeous screen.
300,I have a number of games that I would like to try on my new laptop so it should have a large storage that is great for gaming.
301,I want to play games well on a fast computer.
302,I did a lot of research on my new computer and my wish is to have a fast computer that play games well.
303,Speed is what I look into when purchasing a new computer.
304,I would do a lot of checks to make sure I buy the fastest computer with the best price.
305,I am finding a work only computer that is fast and has plenty of memory.
306,I need a business flagship with a great price.
307,I need a computer that has solid performance with reasonable price.
308,I don't enjoy waiting so I need a computer that startup and shutdown fast.
309,My old computer is too slow and heavy so I want a completely different one.
310,I hope I can afford a fast computer.
311,My son needs a computer with a good screen size for his animation classes.
312,I am finding a new computer for myself that has responsive keys and a beautiful screen.
313,I need a computer with a good hardware.
314,My friend askes me to buy her a lightweight computer.
315,I need a fast computer to do basic home stuff.
316,My wife says she needs a computer that is easy to use and works well with Wifi.
317,I want the new computer to come with a cool touch screen.
318,The money I paid should be exchanged for the best computer.
319,I need a state-of-the-art laptop that comes with a low price.
320,All I need is a computer with a long battery life and a great touch screen.
321,I need a recommendation of a handy and light computer for my sister.
322,My family and I need a fast computer with a high performance-cost ratio.
323,I don't have a huge budget so I need a computer with a good price.
324,My next semester is coming and I am finding a new computer to cope with the work.
325,I am a student and I want a computer that has a powerful quad core and sturdy construction.
326,I pay attention to my gaming experience but I also want a low price for a good computer.
327,It would be enjoyable to have a computer that is speedy with an amazing sound system.
328,I go on a lot of business travell so what I need is a computer that is light and doesn't take up much space.
329,I don’t want my computer to slow down so a no is for those bloatware.
330,I use CAD programmes so I am finding a computer that run those programmes well.
331,I dislike bloatware so it's better to be none of them.
332,I want a replacement for my old computer and I need a new one that comes with amazing build quality.
333,"I would just use the computer for some light use so all I need is fast, cheap and good graphics."
334,I don't have much requirements for a new computer but I need it to run fast and setup easily.
335,I am finding a new computer for myself and I want it to boot up fast and handle several games well.
336,I work at home so it's important for me to have a computer that is fast and priced well.
337,I do a lot of professional tasks so I need a computer that run tons of programmes well with a fair price.
338,I can't use my old computer anymore and I need a new one that is fast and reasonably priced.
339,I am looking for a different brand from my current computer which would be fast and well priced.
340,I am finding a fast computer.
341,I hope my money is well spent on a high quality computer.
342,I am going to buy a new computer and I want it to have decent graphics and storage.
343,I am searching a good computer for school work and I think a computer with great graphic card and plenty of storage would be perfect.
344,I need a computer that comes with a high performance-cost ratio.
345,I am purchasing a new computer and I want it to have good hinges because I broke those of my last computer.
346,I like playing games so games should be able to run fast on the new computer.
347,I am leaving my old computer for my family and finding myself a new computer that run games well.
348,My wife needs a new computer and I am planning to gift her one that have nicely arranged keyboard and low cost.
349,My wife wants to play more demanding games so she needs a computer that handles games well and quick.
350,My husband wants a faster computer that his current one.
351,I like taking my laptop around so I like it to be light and good looking.
352,I do play some kinds of games and I need a new computer that work the games perfectly.
353,I enjoy gaming and hope the new computer works great on that.
354,My grandson wants a new computer that would be great for gaming.
355,A light computer is what I need.
356,Price is what I look into when purchasing a new computer.
357,I hope the money I spent would be exchanged for a good computer.
358,I am finding the best computer with the most reasonable price that can run games smoothly.
359,I have got a number of needs on my new computer so I am hoping for a cheap computer that fits all my needs.
360,I do some light gaming and I am finding an economical computer.
361,A cheap yet powerful computer is what I need.
362,I hope the new computer meet up my expectations with the money I paid.
363,A reasaonably priced computer is what my wife needs.
364,I need to replace my old computer and I need the new one to be cost effective with a big screen.
365,I like sleek looking computer.
366,I want to gift a nicely priced computer to my brother-in-law.
367,Price is an important element when I purchase a new computer.
368,I am on budget gaming but I need a computer that turns on quickly.
369,Specs are important aspect that I look into when purchasing a new computer.
370,I want to play games with my friends so I need a new computer that can do well in that aspect.
371,I don't have a huge budget so the new computer should be cost-effective.
372,I do a lot of research online and I am finding a new computer with a reasonable price.
373,I need a computer that comes with reasonable price and runs games well.
374,Price is what I concern when purchasing a new computer.
375,I want a aesthetically beautiful so I would be happy to carry it around.
376,I like beautiful things so my computer should have awesome looks.
377,My wife would like to have a computer with a high performance-cost ratio.
378,I have a lot of things to be done so I need a quick processor on my computer.
379,I don't plan to use the computer for studying so I just need the computer to play games well.
380,I would do as much research as I could to find the best use of my money for a powerful computer.
381,I need a slim computer with high screen resolution but come with a reasonable price.
382,I would need to have enough RAM to store all my files.
383,"As a college student, I don't have high expectations on a cheap computer."
384,"As a person who is into light gaming and video editing, I need a computer that goes perfect for both the aspect."
385,"I work all time on computer so I am finding a new laptop that is fast, sleek and flat."
386,I am considering changing my old computer and what I want is a computer that run most games well within a reasonable price range.
387,I am finding a beautiful laptop with a good screen size and a full keyboard.
388,I need a computer as a present for my little brother and he like it to be aesthetically pleasing and response fast.
389,I am buying a new computer for myself on Black Friday and I want it to play games well.
390,I need a good computer with good price.
391,I need a computer with high performance-cost ratio.
392,I don't want the computer to be heavy or look dull.
393,I hope there is not much trial software on the computer.
394,"I need a computer which include a CD drive and run fast with Wifi, and of course the price should be reasonable."
395,I want to computer to have a low price.
396,A fast computer with a great screen resolution is what I need.
397,I need the look of the computer to be sleek.
398,I want a light computer.
399,I need a computer that stays within my budget.
400,Our family computer needs a replacement and the new one should come with a right price.
401,I need a new computer that has a high performance-cost ratio.
402,I want to have a light and sturdy computer.
403,"For the money I paid, I hope it come back with a high quality computer."
404,"I am buying a Christmas present and it should be quick, solid and light."
405,I need a laptop that fit in my budget with cool looking and ability to play games without issues.
406,I am finding for a gaming laptop that startup fast and last long with a reasonable price.
407,I want something sleek to play my games well.
408,I do coding and I want a computer with a nicely-spaced backlit keyboard with quiet keys.
409,I will need a laptop for software development and it should have good build quality with a decent battery life.
410,"As an artist as well as a gamer, I need the laptop to be nice looking, thin and light."
411,I would not expect too much for a mid-range computer and all I want is powerful graphic card and backlit keyboard.
412,I play tons of games and I am finding one that has good keyboard and trackpad and screen.
413,"I don't have much requirement for my new computer, it just need to be cheap."
414,I enjoy gaming and I am finding a laptop that perform well in that.
415,I am going to purchase a new computer on Black Friday so what I want is a computer that play games well in a low cost.
416,My household has different needs for a computer and so it should be fast and have great graphics.
417,I am looking for a working laptop for myself and it should look good with a good feel of keyboard.
418,I need the computer to come with Microsoft programmes.
419,I am finding a new computer with nice price and good speed.
420,A fast computer is what I need.
421,My old computer is too slow and I need a new one.
422,I have limited budget on my new computer so it should have a great price.
423,I try to present myself with a computer that has a good price.
424,I surf the internet all day and I am finding a new laptop that do fast in that.
425,I have a number of files that need good memory to store them.
426,I need to use a laptop out of my office hour so it should have good amount of RAM within a limited price.
427,I need some recommendations for a computer that comes with a high performance-cost ratio.
428,I am looking for a new laptop that is fast and comfortable to type on.
429,I do the computer for school work and I want it to come with slicky trackpad and good keyboard layout.
430,My old computer needs replacement and the new one should be fast and has a perfect size.
431,I need a solid hard drive to run everything smoothly.
432,I need a replacement of my old computer that has a modern design and a nice screen.
433,I have just retired and I am finding a computer for my personal use.
434,My daughter does a lot of drawing on her tablet and she needs a handy one with rich colours shown on the screen.
435,"I am in need of a new computer with a nice screen, a convenient fingerprint reader and good battery life."
436,I don't work on my old computer nowadays and I need a computer with bigger keys and better keyboard.
437,I am buying myself a new computer that is fast and built solidly.
438,I am a student and I am finding a tablet for school that has a sleek design and a crisp screen.
439,I need a new computer for myself that is light but has a huge screen with decent graphics.
440,I am taking the recommendations from my friend to find a new computer from Amazon.
441,I am a software developer and I need a fast computer to run my programmes.
442,I am finding a new computer for my personal use that is slim and has a nice keyboard.
443,I am coming from a high end PC and I need a laptop that plays games well.
444,I am looking for a computer that fulfil my data science demand and it should come with an awesome keyboard.
445,I need a new computer that run games greatly.
446,"It is in due time to get a new computer and I want it to be sturdy, slim and light."
447,My old computer needs replacement and I am finding a thin one with awesome design.
448,I want to have a new computer that handles games well and boots up quickly.
449,Some right specs should be installed in the new computer.
450,I will use the computer for gaming and I hope there would be a sharp display and a high refresh rate.
451,My computer doesn't play my games well so I need a new one that plays games with no stutters.
452,Good specs would make the computer more powerful.
453,"I am finding a new laptop that is solid, quick and economical."
454,I need a vivid development platform that is lightweight and has a nice backlit keyboard.
455,I am buying a laptop for video editing and so a large SSD is necessary.
456,I am finding myself a fast computer.
457,I am finding myself a new computer that has a good battery life and runs cool.
458,My old laptop is not working and I am finding a lightweight and fast one with high performance-cost ratio.
459,"I am in need of a new computer that is fast, sleek and economical."
460,I am finding a new computer for myself that is fast and has high internet connection.
461,I need a quiet computer with high performance-cost ratio.
462,I have got a lot of photos and I need a roomy device for that.
463,I don't know if I would bring the laptop outside but anyway being lightweight isn't bad.
464,I am replacing my old computer and the new one should restart quickly with an excellent price.
465,A fast computer with a high performance-cost ratio is what I need.
466,"I am looking for a new computer with great design, great keyboard and awesome sound output."
467,I do video editing so a good video card and a fast processor are expected.
468,I do spreadsheets all day and I want to find myself a computer with a high performance-cost ratio.
469,The only thing I require on my computer is great specs with decent price.
470,I need some good specs on the computer for my business.
471,I want to change my old computer and I need a fast one with excellent battery life.
472,I want to have a fast and quiet computer.
473,I am not having a huge budget and so I need a computer with amazing price.
474,My old computer is not working anymore and I want a new one with sleek design and great display.
475,All I need on a computer is high bootup speed and great graphics.
476,I want a high performance-cost ratio computer which can do fast start-up.
477,"I need a computer which has an excellent keyboard and a great screen, but also not too attractive to eyeballs."
478,"My computer should be fast and accessible, and should have a good graphic performance."
479,I want a computer with good screen and fast booting.
480,The computer I want should have high performance-cost ratio and a normal look.
481,I need a good functioning fan to be along with my computer.
482,I need a powerful computer with solid speakers and good built quality.
483,I want the computer to run smoothly.
484,I need the computer to handle games well.
485,The computer I need is the one which can be opened up and upgraded easily and have a good build quality.
486,I need a cheap computer with solid build quality and awesome cooling system.
487,I want a computer with high performance-cost ratio.
488,A nice cooling stand would be good for my computer.
489,My desire computer should own a great keyboard and a powerful cooling system.
490,I need a computer that can run my games fine and do editing.
491,I want a computer with great colour and viewing angles.
492,The computer I want should handle my games with ease and run super fast.
493,I need a high performance-cost ratio computer.
494,The computer I need would be the one with strong GPU and hardware.
495,I would like to have a computer with long battery life and can run fast and quietly.
496,I want the computer to perform well in games and be perfect for upgraders.
497,I need a plain notebook without those flashy light but still keep a beautiful design.
498,I want a computer that stay in my budget.
499,The computer I need should have a high performance-cost ratio and be solidly constructed.
500,The temperature of the computer should be low while I am using it.
501,I need a big screen for my computer to make it easy to work.
502,The computer I want should have excellent thermals and graphics.
503,I need a laptop with good build.
504,I need the computer to have a clean resolution and audio.
505,I want a computer that have great specs and amazing cooling.
506,I have got a list of requirements for my desire computer.
507,I need a computer that can play games fast and smoothly.
508,I want a computer that is able to run games at a high-ultra setting without getting too hot.
509,The computer should have both reasonable price and performance.
510,The computer I want should have a high performance-cost ratio and a comfortable IPS panel.
511,I need the computer to have high performance-cost ratio and low power consumption and heat.
512,I want the computer to provide great performance with games and stay cool while playing.
513,"I need the computer to do well in gaming and editing, of course with a good price also."
514,I want a computer with long battery life.
515,The computer I will be using should have a high performance-cost ratio.
516,I need the computer to be within reasonable price.
517,I hope the price fit with its performance.
518,I want a high performance-cost ratio computer with a good fingerprint scanner and good keyboard backlighting.
519,I want a fast and responsive computer.
520,I want the computer to be quiet and stay cool while playing games with a high perfomance-cost ratio.
521,I need a computer with long battery life.
522,"The computer I need is the one with high performance-cost ratio, while having good cooling and consistent performance."
523,I need a fast computer.
524,I need the computer to perform great in gaming.
525,A cool computer which can run fast is what I need.
526,A reasonable price is what I consider when buying a new computer.
527,The computer I want should run intense games perfectly and have a high performance-cost ratio.
528,"I want a computer with a high performance-cost ratio, yet it should have efficient cooling and run quietly."
529,I need the computer to keep cool when I am gaming.
530,I want a fast computer.
531,My dream computer is a powerful laptop.
532,I need a computer with high performance-cost ratio.
533,I want my future computer to have a high performance-cost ratio.
534,I want a computer that runs fast.
535,I need a computer with impressing build.
536,A good design and a cool keyboard should be applied to the computer.
537,I want my future computer to have plenty of storage with a high performance-cost ratio.
538,"I need a computer that runs silently with a good battery life, also it should stay within my budget."
539,I need a computer with solid build quality and a reasonable price.
540,I need a sturdy computer with a beautiful screen and above-average sound quality.
541,I want a computer with nice performance-cost ratio.
542,"The computer should have great build quality and specs, but also with a good price."
543,"I need the computer not to look gaudy, but to play games well."
544,I have some criteria for my dream computer.
545,I need a computer with a good trackpad and battery life which can max out any games.
546,The build quality has to be awesome in my computer.
547,I want a well-built computer.
548,I need a good video card to go with my computer.
549,I need a computer with great build quality.
550,I need a good gaming laptop.
551,I have been working in the computer industry and I am finding myself a computer with nice build quality and nice finish.
552,"I need a new computer that is lightweight, quiet and fast."
553,My old tablet finally died and I need a new one that comes with the right price.
554,A light and sturdy computer with a great screen is what I need.
555,My old computer died suddenly and I need a new one that is fast and economical.
556,My must-have feature is a backlit keyboard.
557,I need a fast and lightweight computer.
558,A good touchscreen should be included to the computer.
559,I don't have a big budget so I need a computer that comes with a good price.
560,I need the computer to be light enough that I can carry it around.
561,I am finding a laptop with a high performance-cost ratio.
562,I pay many effort into investigating computers and now I want a sturdy and portable one.
563,I am finding myself a new computer that has a sharp screen and a good Bluetooth connection.
564,The screen should be gorgeous and responsive on my computer.
565,I am looking for the heapest option for my next computer which it should be fast and light.
566,I am replacing my old computer with a lighter one.
567,"I am changing my computer of many years to a thinner, lighter and sleeker version."
568,I want to have a new computer for myself.
569,I am finding myself a great computer that is solid and priced greatly.
570,My work require me to have a new computer so I am out here finding a thin computer with nice display and sturdy keyboard.
571,"My old computer doesn't serve me anymore and I am getting myself a new one with good specs, good design and good build quality."
572,I need a new computer for myself and I want it to come with superb build quality.
573,I am not affordable to all computers but I want one that is fast and comes with minimal bloatware.
574,I am finding a replacement for my old computer that a longer battery life is expected.
575,I don’t want my current computer anymore and I am looking for a new one coming with the perfect keyboard and screen.
576,I have tried multiple brands and this time I am finding myself a portable computer.
577,"I need to change to a new computer and I want it to have high portability, good display and good battery life."
578,I am finding a computer for light office work and it should boot up quietly and be easy to set up.
579,I need a light computer that holds my 3D programmes well.
580,My old computer does not work as great as it was so I am finding a new one with a beautiful screen and good build quality.
581,I do a lot of travel so I am finding a slim computer that can do well at that.
582,I am finding a budget computer that is portable and cool.
583,I want to replace my old computer to a better looking computer.
584,I am finding a laptop for myself that is superfast and light.
585,I need a fast computer.
586,"I will use the computer for general school work thus I need it to be lightweight, fast and portable."
587,"My old laptop is not working and I am looking for a new one that is fast, portable and light."
588,"I am in need of a new computer that is slim, portable and affordable."
589,A computer with high performance-cost ratio is what I need.
590,"As a student of Systems Engineering, I need a fast and portable computer to get my programme done."
591,"The current computer is not working and I want a new one that is slim, light and well crafted."
592,"I want to have a new computer that is lightweight, solid and has good specs."
593,Speed is what I consider when purchasing a new computer.
594,I am not satisfied with my old computer and I want a new one that is light and portable.
595,I need a computer that comes with low price and high specs.
596,My old computer is not working properly so I want a computer with a higher performance-cost ratio.
597,I work for a long time so the battery life should be long enough to support my work.
598,I want to gift myself a light and portable computer.
599,My old computer is too slow so I need a faster and lighter one.
600,I would be willing to pay an affordable price for a computer with amazing sound.
601,I need a computer to replace my old computer that should be fast and quiet.
602,"I plan to place a new laptop in my home and it should be lightweight, fast and quiet."
603,"I want to upgrade my old computer that I want a faster, lighter and more attractive model."
604,I am finding for a nice laptop that is slim and fast.
605,I plan to buy a travel notebook so it should be slim and lightweight.
606,"My old computer needs replacement and I need the new one to be lightweight, quick and economical."
607,"I am willing to wait for a computer that fits my needs: small, light and solid."
608,I am planning to replace my old computer and the new one should come with high performance-cost ratio.
609,I am a student and I want to find a fast and light computer for my everday use.
610,I major in Computer Science and I am finding myself a quick computer.
611,I do a lot of typing at night so it would be good if the keys are highly visible at night.
612,I have to change my computer and I want a faster one with a good display.
613,I cannot an expensive computer but I still want it to be solid with good viewing angles.
614,I need an upgrade from my old computer that I want a better processor and a decent GPU.
615,I do photo editing and I am finding a computer that boot fast and run quietly.
616,I am buying a laptop for my son so that he can play games with no problem.
617,My old computer is sick and so I need new one that stays cool and quiet.
618,I need a new computer that is fast and own great backlit keyboard along with a beautiful display.
619,I want to find the best computer with my limited budget.
620,I need a good piece of computer with a low cost.
621,Specs ought to be good on my computer.
622,I need a fast computer to do video editing.
623,"For a gamer, I need excellent graphics while running my games."
624,I enjoy gaming and I am finding myself a computer that handle that with ease.
625,"For my games, I need a high contrast on screen to make it looks good."
626,I focus on the design of a laptop very much so a beautiful finish and a beautiful screen is a must.
627,I am changing my old computer and I want the new one to be easy to upgrade with a high performance-cost ratio.
628,I am going to find a fast computer for myself.
629,I need to have the best use of money for the best computer.
630,I am purchasing a new computer to replace my old one and the new one should come with mosterous storage capacity and high performance-cost ratio.
631,I am finding a new computer that runs fast and includes good viewing angles.
632,Computer is my business and I am finding myself a computer with high performance-cost ratio.
633,I am buying a laptop for my brother who just entered into college and the amount of storage ought to be more than enough.
634,I got many good years on my old computer and now I am changing to a faster model with a good touch screen and a good screen size.
635,I recently hired a new assistant and I want to buy her a handy computer.
636,I am finding myself a new computer that is fast and solidly built.
637,I need a computer that coordinate well with my iPhone.
638,I have got big hands so I need huge touchscreen and keyboard.
639,I hope it would be easy to setup right out of the box.
640,My boyfriend needs a new laptop that comes with good screen size and touch screen capability.
641,I Skype with my friends so I need a good sound output so I hear them clearly.
642,My old computer lasts for five years and now I am finding a new one with large storage and high performance-cost ratio.
643,I am an average user and I need a computer that comes with good speed.
644,I need a good recommendation on a easy-to-set-up computer with not much bloatware.
645,A good hard disk with a reasonable price is what I need.
646,"I am finding a new computer that is light, handy and easy to use."
647,My old computer is not working and I am finding a computer with a high performance-cost ratio.
648,The computer I am buying must be fast.
649,I want to have a new computer that has a high hard disk capacity with an excellent price.
650,I need a light computer so I can carry it around.
651,The old computer doesn't have a touch screen so there should be one on my new computer.
652,I cannot carry a heavy laptop around.
653,I do streaming and gaming so I am finding a new laptop that does perfectly in both aspects.
654,I have got a lot of files so I need plenty of memory.
655,The hard drive of my old computer died so I need a new one with large storage and reasonable price.
656,I am buying a Christmas present for my daughter and she wants it to be fast to meet her needs.
657,I need a good keypad on my computer to get my job done.
658,I am taking the computer around so I need it to be sleek and lightweight.
659,I am looking for a nice computer with a low price for everyday use.
660,I usually stick to one brand when it comes to computer and now I want a computer that runs cool  and be easily upgradable.
661,My old computer has run solidly for eight years and I need a new one with a great price.
662,I am buying something from the Black Friday Bargain and I want a new computer that comes with good picture and good sound quality.
663,I took it seriously on typing experience so I need a well sized keyboard that is easy to type on.
664,I would use the computer with my children so I need it to be light and sturdy.
665,I am finding the best computer for my money.
666,I am a student and I need a recommendation for a lightweight and thin computer.
667,I am finding a computer for myself that show vivid colours and brightness.
668,I need a handy computer.
669,"I focus on the appearance of a laptop that it should be sleek, nice looking and light."
670,I am getting a new tablet for my online college so I need a big screen and a nice pen.
671,I would have the tablet for office use so it should be easy to use.
672,My son has some suggestion for me on the new computer and all I want is a big screen.
673,I want to try something new that come with a cool touchscreen and sturdy hinges.
674,I am finding myself a new laptop that is cheap and fast.
675,I would carry my computer around so it would be great to be thin.
676,I am in need of a new computer that comes with great battery.
677,I draw on my tablet so a style pen is a must.
678,I need an economical laptop for my New York trip so it should have a long battery life to stay within the flight.
679,I need to get my things to be done quickly so a fast update is necessary.
680,I want to have a new computer that is easy to setup and produce good sound.
681,"I will be using the laptop for work so it should be sleek, lightweight and easy to setup."
682,I need a nice looking computer.
683,I don't have a large budget so I need a computer that comes with a nice price.
684,I am lacking money but I need a new computer that comes with a perfect price.
685,I need a gift that is fast and economical.
686,I want a new computer that comes with a high performance-cost ratio.
687,I am buying a laptop for my daughter and she wants it to be lightweight with a high performance-cost ratio.
688,I don't mind spending more money for a good computer.
689,I am a software developer and I am finding a new computer that can run IDSs with no glitch in a low cost.
690,I need some recommendations on a cheap computer which is easy to use and able to run smoothly.
691,I want a fast computer with a reasonable price.
692,I care about gaming experience so I want a computer that play games with no problem.
693,I am not finding a fancy computer but a powerful computer with a low cost.
694,Speed is what I concern when purchasing a new computer.
695,I am finding a new computer with amazing boosted frequency and useful amount of RAM.
696,I do basic business application on my laptop so I need sufficient amount of RAM and large drive of my data.
697,I look into many reviews and all I want is a computer that is hast and cheap.
698,I need to replace my old computer so I need a new computer with excellent CPU.
699,I work on webpage design so I hope the computer can work my graphic design programmes well.
700,I need a new computer that is fast and well priced.
701,My old computer isn't working so I need a new computer which is fast and responsive.
702,I want to change my old computer and I need a new one with a reasonable price.
703,I don't have much money so I need a new computer with a good price.
704,I need a fast computer.
705,My old computer is too slow so I want a new one.
706,I want to get to use the computer as soon as possible so it's better to have some pre-loaded software.
707,I want a faster computer than my old ones.
708,I need a replacement for my recently died computer and I want it to be easy to setup the new computer.
709,I need to change my old business laptop and I am finding a model with a smooth keyboard and a nice look.
710,I am irritanted with the other PCs and I want to find one that startup fast with no bloatware.
711,"I don't do gaming so I just need a nice, clear touchscreen."
712,I need a work horse that is light and quiet and easy to use.
713,I am changing my old computer and I want a new one that is faster and more economical.
714,A fast computer with a responsive touchscreen is what I need.
715,I want an economical and fast computer.
716,My old computer needs replacement and the new one should come with good speakers and video quality with a low cost.
717,I am waiting for my husband to buy me a lightweight computer that has the perfect size.
718,My old computer doesn't work for me anymore so I need a new one with decent touch screen and sound.
719,I need a fast computer.
720,I want something that is simple to use because I don't know much about laptops.
721,I need the computer to be big for me with a nice sound output.
722,I need the laptop to look much as a PC so it should have a full keyboard and a good touchscreen.
723,I do a lot of research before buying a new laptop and I want it to be fast and easy to setup and use.
724,I need a real fast computer.
725,I want to purchase a new computer that is fast and easy to setup.
726,I am finding a fast computer that runs smoothly.
727,I have always been hoping to have a fast computer with a backlit keyboard.
728,"My old computer needs replacement and the new one should come with a big screen, sleek design and wonderful keyboard lighting."
729,I know what I need for my new computer: good size and bright screen.
730,I need a new notebook and I want it to be light and easy to use.
731,I am new to laptop and I need a laptop that has a good touch screen and a big hard drive but a good price.
732,A good touch screen should be installed on my new computer.
733,I want a computer that is lightweight and fast.
734,I want to replace my old computer that I want one which runs fast and silently.
735,Speed is what I concerned when buying a new computer.
736,I am not a computer savvy and I want a computer that is easy to use.
737,I need a Christmas present for my girlfriend and she wants a laptop that boot up fast and can be set up easily.
738,I use laptop to watch movies so a large screen and clear pictures are necessary.
739,We are finding a new computer with a reasonable price.
740,I have to do homework at night so it's better to include a backlit keyboard.
741,Our homeschooled kids need some computers with large screen for learning.
742,I am finding a fast laptop with a high performance-cost ratio.
743,My old laptop needs replacement and I need a new one that has beautiful laptop design and accommodating screen size.
744,I am considering to change my old computer and the new one should be sleek.
745,I need a new laptop that is fast and has a nice backlit keyboard.
746,I need a low priced mechine that is easy to setyp and sound greatly.
747,My old computer is not working and I need a new with good size and colour.
748,I focus on the design and I want a good looking computer.
749,I am looking for a Mother's Day present that is easy to setup.
750,I need a fast computer
751,My old computer doesn't work for me anymore and I need a fast one with lots of space.
752,"For an everyday use computer, I need it to have good colour with great price."
753,I need a new computer that is easy to setup with a high performance-cost ratio.
754,"I am finding a replacement for my old computer and the new one should be light, solid and has a long battery life."
755,I am in need of a new computer that is sleek and compact.
756,I want to change my old computer and I am finding a new one that is nice looking and has nice backlit keys.
757,I need to bring my computer to school so I hope it would be lightweight.
758,"I am planning to buy a new laptop and I want to new one to be silent, lightweight and easy to use."
759,My old computer isn't working and I need to find a new one that is sleek and light.
760,I need a good keyboard for my typing work.
761,"I want to have a new computer for myself and I need to to be sleek, light and easy to use."
762,I am findinging myself a better computer with competitive specs and budget price.
763,I need a stylish computer for my work.
764,"As a college student, I need a computer that has a large memory and high speed."
765,I am looking for the best computer with the best price.
766,I need a computer that is light and lasts long for me to work at the coffee shop.
767,I have limited budget for a good computer.
768,My girlfriend needs a computer that has a good design and a high performance-cost ratio.
769,I need a computer with good processor.
770,Quality and price must be balanced for my new computer.
771,I am currently running out of savings but I want a nice computer with a nice price.
772,I want to save my money for a good computer.
773,My wife and I want to change the computer of our home and we are finding a computer that works quietly and fast.
774,My computer just recently broke down so I need a new computer immediately.
775,I recently need a new computer that comes with high speed and minimal bloatware.
776,I need a computer to write my master's papers so I need it to be light and portable to take it around.
777,I am trying to find a new computer that comes with good design and light weight.
778,I need a fast computer.
779,I like computer that feels classy and sleek.
780,I don't have much money so I would need a computer with reasonable price.
781,The computer should have a high performance-cost ratio.
782,I have some expectations on my new computer that it should have a good processor with enough RAM.
783,I am finding the best computer that worth my money.
784,I don't have much requirement for my new computer.
785,I often stick on to one brand and this time I am finding a laptop that is light and has a good keypad.
786,My old computer needs replacement and I want a new one that has a nice screen and good keyboard.
787,"I tend to choose brand with good reputation and I want a sleek, new computer that comes with the perfect size and a ergonomic keyboard."
788,I want a computer with good performance and low cost.
789,I hope the price would be reasonable for a good computer.
790,Our mechanic said he needs a laptop that has a high performance-cost ratio.
791,I won't expect too much for my new computer but a high performance-cost ratio is a must.
792,I have got a lot of documents from my work so I need a new computer that can store all those files with a reasonable price.
793,"It would be pleasant to have been able to use the computer as soon as possible, so it should be easy to set up."
794,I am taking the laptop to school so I want it to be light.
795,I want the computer to run fast while I am at school.
796,"Out of all the features, colour is the aspect that I pay most attention on."
797,I think the design of a computer do pay attribute.
798,I am going to buy a new laptop online and I want it to have a good screen size.
799,I need big keys for my big fingers.
800,I want to buy a new laptop so I can share it with my wife.
801,I have so many much more complicated things to do so I hope the setup would be easy.
802,I would like to have a new computer that has great colours.
803,I spend long time working on document so it's good to have a non-glare screen.
804,I like computer with nice colour.
805,I need an inexpensive device for school.
806,My wife asks me to buy her an economical yet powerful computer.
807,"My old computer is not working anymore so I need a cheap, pretty, new computer."
808,I want to buy a new gaming laptop for myself that play games well and have a large storage.
809,I hope my money is well spent on a powerful computer.
810,I am finding a fast computer with an awesome screen.
811,I have some light use of the computer and I hope the price won’t be too expensive.
812,I think design is important to a computer.
813,I would like to have great colour on my computer.
814,I like computers with beautiful colour and large screen.
815,I am a student and I am finding an affordable computer that looks great.
816,I am not having much money at the moment and what I need is a computer with a reasonable price.
817,I need to take my computer to school so it's better to be lightweight.
818,I need a replacement for my old laptop and I want a new one with good screen and nice price.
819,I want a computer that is well designed.
820,"I like things that are good looking, my new computer should not be left out."
821,I need a computer that powers up smoothly with a reasonable price.
822,I don’t have much money so I need a computer that comes with a great price.
823,I am saving money so I want a well priced computer.
824,I like computers with sleek design.
825,I hope my money is well paid for a high performance computer.
826,I am finding a fast computer.
827,I bring my laptop everywhere I go so I would like it to be sleek and lightweight.
828,I do multitasking all the time so it'll be good to be able to split screens on an affordable computer.
829,I do basic browsing and I am finding a cheap computer which comes up with the performance.
830,I would need large storage for my files.
831,I wish the computer would perform greatly in images.
832,I am finding the best computer with my limited budget.
833,I am buying the computer for my family so I need a nice screen to protect their eyes.
834,"I am a writer and I am looking for a computer that is fast, quiet and lightweight."
835,I am finding a new gaming computer for myself and I want it to be fast and upgradeable.
836,A backup laptop is needed and I hope it comes with great specs with low cost.
837,I am getting into gaming laptop so I want one that runs most games smoothly with good specs.
838,I want to have a laptop for out-of-town use and I want a budget-friendly computer that handle games with no issue.
839,"I am finding a replacement for my old computer and I want a new one that run games perfectly and incredibly fast, but with a great price."
840,I am not really a gamer but I need a computer that is fast and economical.
841,The computer I want should look cool and own a nice graphic card.
842,I am new into computer gaming and I want something that runs smoothly with reasonable price.
843,I play lots of games and I'm finding a new computer that run fast of all my games.
844,I want to buy a new computer for gaming so I want it to download games quickly.
845,I am buying a new computer for my wife and so the computer should play games with no problems.
846,I am finding a computer for myself that is speedy and easy to setup.
847,My old laptop is not working and I am finding a new one that has good amount of RAM and storage.
848,I am in need of a new computer that has a good processor and a practical appearance.
849,I plan to have a great bargain on a new computer.
850,I only have simple needs on my laptop so it just has to be lightweight and economical.
851,Illuminated keyboard seems cool to me.
852,I use my laptop for school so I need it to be light and sleek.
853,I am looking for a new computer that comes with a high performance-cost ratio.
854,My old computer doesn't work for me anymore and I am finding a new one with terrifc specs in a great price.
855,I haven't been using a laptop for a while and it would be good to be easy to set up.
856,I need a functional yet inexpensive model.
857,My old computer doesn't last long for the battery life and I hope the new one would.
858,Speed is important to me when purchasing a new computer.
859,I would like to have a sleek design for my next computer.
860,I would look into the specs the computer comes with so it should have a large hard drive and a decent RAM.
861,I want a nice matte finish on my new computer so no fingerprints would be attached to it.
862,I am finding a nice computer that would fit my budget.
863,I do a lot of typing at night so a backlit keyboard would help me a lot.
864,I have limited budget so I need a new computer with great price.
865,I am finding myself a new computer that is light and come with nice size.
866,I am in a nursery school and I use my laptop several hours a day.
867,I am getting a new computer for myself and I need it to be good looking with a great price.
868,I am replacing an old computer and the new one should come with great price.
869,An adequate screen should be installed on the computer.
870,Speed is what I look into when purchasing a new computer.
871,I need a computer that is easy to setup and come with a high quality monitor.
872,I am finding a new computer that would startup quickly.
873,I am using the computer for work so I need it to be fast and have bright colours.
874,I want to change my old computer and I want a fast computer with reasonable price.
875,I need a light and fast computer with a high-resolution screen.
876,I want a good-looking computer with an awesome keyboard.
877,I need a light computer.
878,I want a light laptop which can startup fast.
879,A thin and light computer is preferable.
880,A nice packaging and good looking computer would be nice for me.
881,The computer should be light.
882,I want a light computer but it should have a large screen.
883,The computer I will be using should be light and have thin edges.
884,I need a new laptop for grad school and it should be fast and sturdy and great looking.
885,"My old computer needs replacement and I want the new computer to come with a quiet keyboard and well spaced, sized keys."
886,I am a performance ethusiatist and so an awesome processor is a must.
887,I am planning an upgrade for my wife and she needs it to be lightweight and fast.
888,"For my meetings, I need a light computer with a long battery life."
889,I want to have a new laptop that is lightweight with a great battery.
890,"We need a perfect mobile business laptop and it should be quick, light and thin."
891,I need a light and fast computer.
892,My old computer is too heavy and doesn't last long so I need a new one.
893,"I am in need of a new computer with good build quality, screen and keyboard."
894,I am trying to change my perfence in branding and I need a light computer.
895,"I go to work via public transportation so it's important for me to have a compact, thin and light laptop."
896,I need a strong upgrade from my old computer that is faster and has better screen.
897,"I did a lot of researching and I need a new computer that is fast, cheap, light and slim."
898,My old laptop isn't working very well and I need a new one that comes with a good price.
899,I will do research on the specs and I need a computer that bootup fast and silently.
900,I am looking through the recommendations on Amazon and want to find myself a quick computer.
901,I need a new computer for myself that is lightweight and fast.
902,My old computer was on fritz so I need a new computer that is quick and easy to setup.
903,I am trying to upgrade from an old computer that I need the new one to be thinner and lighter and more economical.
904,"I am starting my graduate school and I need a laptop that is thin, light and has a great screen display."
905,I am finding something new to replace my old computer that has a higher portability and better display.
906,I am not into waiting so I need a computer that do fast bootup.
907,I read a lot of reviews and I decided I would buy a computer that is fast with a budget price.
908,I am looking for a new computer that is lightweight and good looking.
909,We need a new laptop for CCTV management and it should bootup fast and have a good battery life.
910,I need a fast computer.
911,I try to stick to one brand and I am finding a new one with a crisp screen and fast CPU.
912,I am using the laptop for internet surfing as I need it to be lightweight and easy to setup.
913,I need a definite improvement from my old laptop and I want to be fast without much bloatware.
914,I need a light computer with a good screen.
915,I need everything to be fast including the startup and operating.
916,My old computer is not working and I need a new one that bootup fast.
917,I am finding myself a new computer that has an amazing screen with a high performance-cost ratio.
918,"I need a new laptop for work and it should be affordable, fast and sleek."
919,I am looking for a new computer that has a sharp screen and a fast hard drive.
920,My old computer is not working and I am finding something that is fast and lightweight.
921,Screen is the most important element to me so I want it to be sharp.
922,I am finding a travel laptop for my trip and it must be light and has an amazing battery life with a tiny charger.
923,I need a computer for everyday use that comes with a high performance-cost ratio.
924,I use a laptop when I go to school and I need a fast one.
925,I did a lot of research and found out having a sharp display is critical to me.
926,I need a lightweight and cool looking computer for work.
927,I have limited budget and I am finding a computer with fast fingerprint sensor and awesome battery life.
928,I am looking for recommendation on a fast computer with fantastic price.
929,My old computer needs replacement and I need the new one to have great display and stylish look.
930,I need a light computer that is perfect for my business.
931,A computer with marvelous screen and good price is what I need right now.
932,I am in need of a new computer that is fast and slim.
933,I don't enjoy waiting so I need the computer to startup fast.
934,I need the processor to be fast and responsive on my next computer.
935,I would like to have a light and fast computer.
936,I need a great computer for work that comes with a high performance-cost ratio.
937,I need a worthy computer with nice configuration.
938,I am finding the best computer with a great configuration.
939,What I need for school is a fast computer.
940,A computer with a high performance-cost ratio is what I want.
941,I am a teacher and I need the computer to look top notch.
942,My old computer is too slow and heavy so I need a new one.
943,I need to use my computer whenever I want so it's better to startup fast.
944,"I need a different computer from my current computer, which is slow and heavy."
945,I don't want to carry a heavy mechine around.
946,I need a computer with a high performance-cost ratio.
947,I need a replacement computer that would run mush faster.
948,Our old computer are not fast enough so we need some new one with higher performance-cost ratio.
949,I am learning a lot about processors recently and I am finding myself a fast computer with a high performance-cost ratio.
950,I would use the laptop on a daily basis and there should be a lot of RAM.
951,I need the computer to boot up fast to meet my needs.
952,"I need a new work station that is fast, light and good looking."
953,A computer which can quickly download stuff is which I need.
954,I want a computer with high speed and a tiny power adapter.
955,I need a fast computer.
956,"The computer I want should startup fast, cool and quietly."
957,I am finding a new computer for myself.
958,I am in need of a new computer that is responsive and snappy.
959,I would be grateful to pay as long as the computer lives up to my expectation.
960,"As long as the price is reasonable, I would be happy to pay for a powerful computer."
961,A fast computer with a great price would be what I want.
962,My old computer is still going on well but I decided to go on with a new one with a longer battery life.
963,My old computer needs replacement and I am finding for a new computer that run games well and is easily upgradable.
964,My old computer is starting to be unreliable so I need a new one that has lots of space yet running fast.
965,The display must be incredible on my new computer.
966,I was looking to upgrade my old computer but eventually I decided I would just find a new computer that is more upgradable.
967,My old computer is not working anymore and I am finding a new computer with a nice price.
968,I don't want to have much bloatware on my computer.
969,A fast computer would be preferrable.
970,I am in need of a new computer that comes with high HDD capacity and low price.
971,I am trying to find a new computer that is reasonably priced.
972,I want to have a computer that would fit into my bag.
973,"For a light use of laptop, I am finding one that runs quickly with a low cost."
974,Price is what I consider when buying a new computer.
975,I am buying a new laptop for my daughter's graduation and it should be fast and have beautiful colours.
976,I am new to laptop so there should be easy installation and loading.
977,I am looking for a computer with high performance-cost ratio.
978,I need a fast computer.
979,I am working to find the best price for the best computer.
980,I am going to find a new computer for long-term use.
981,I am a middle-aged man and I have lower requirements on electrical device.
982,I would like to have a cute laptop with nice design and powerful processor.
983,I need to buy my wife a new computer and she wants it to be run fast and cool.
984,I depend on reliable resources to make up my decision on a new computer.
985,I don't want to borrow my husband's computer everytime I need it so I am finding myself a new computer with a nice hard drive.
986,I want some good-looking computer with good price.
987,"As a college student, I am finding an affordable laptop which has a solid construction."
988,I don't have much requirement on my new computer but I want it to be easy to setup.
989,I am finding a family laptop for my home and I want one that come with high performance-cost ratio.
990,I am looking for a replacement of my old computer which I require it to have a high performance-cost ratio.
991,I am using the new laptop to take appointment with my clients and I need it to startup fast and have good processor and SSD.
992,My old computer needs replacement with a lighter and faster model.
993,My current computer is not keeping up with my expectation so I need a new computer with a high performance-cost ratio.
994,I am taking the laptop to school so it must be light and last long.
995,I need to take a laptop to my internship and I hope it comes with reasonable price and nice look.
996,I am finding myself a light and fast computer.
997,I need an excellent choice for home working and it should be elegant and fast.
998,I am changing my old computer that I want a faster Wifi connection and bootup time.
999,I am becoming a coder and I need a new computer that is sleek and has large storage space.
1000,I am replacing my old computer and I want a lighter and more sturdy one.
1001,I need some recommendations on a fast computer.
1002,I am not sure what computer I should get but I am sure I need one that bootup quickly and display amazingly.
1003,My wife needs a laptop for studying and she wants it to boot up fast and last long with a low cost.
1004,I am switching my old computer to a quicker and lighter one.
1005,I enjoy staying with a high quality brand and now I want a new computer with a good fingerprint sensor and a large amount of storage.
1006,I am taking a laptop that is travel-friendly and lightweight.
1007,"As an experienced Windows user, I am finding a new laptop that is fast, light, sleek and has a good storage capability."
1008,My old computer is not that up-to-date and I need a lighter one with a good keyboard and a good touchpad.
1009,I am buying a slim and lightweight computer for my wife.
1010,I need a new computer that is light and thin with the greatest screen size.
1011,A nice fingerprint scanner should be included in my new computer.
1012,My previous computer does no good to me so I need a new one that is lightweight with fast startup time and nice keyboard design.
1013,Weight is important to me when purchasing a laptop.
1014,I want to have a new computer that is light and fast with a good screen size.
1015,I need a lightweight laptop to bring it around.
1016,I want to purchase a computer that is portable and lightweight.
1017,I am taking the laptop to school and I want it to do fast in typing responsiveness and log in time.
1018,It is time to replace my old computer to a quicker one with a better performance-cost ratio.
1019,I need a great screen to better do my spreadsheets.
1020,A good looking computer with a great price is what I need.
1021,"I want to get a computer that is slim, light, fast and great looking."
1022,I need the specs to be perfect on my computer that means for the screen and the touchpad.
1023,A quick and responsive computer is what I need.
1024,I am using the laptop for small projects and I hope it has an appealing design and litup and easy-to-type keyboard.
1025,I need a fast computer to get my things done quickly.
1026,I want to have a new laptop of office work and I need it to be lightweight and sleek with good build quality.
1027,"I do pay attention to user response on computer and I am finding one that is quick, light and slim."
1028,I am planning to buy a laptop for my son and he wants it to be lightweight and nice looking.
1029,I would need enough ports for charging and for further installment.
1030,My old laptop has a broken screen and I want a more good looking one.
1031,I need a computer to do typical home computer work and it should be light and has a bright screen.
1032,I need a nice backlit keyboard to do work at night.
1033,I treasure every hour of work so I need a fast computer.
1034,"I am buying a new laptop for my husband and he wants it to be lightweight, clear and sharp."
1035,I am finding a new computer with a great price.
1036,I lost my old taplet so I am finding for a new one that show awesome graphics.
1037,I want a compact computer which can do fast browsing.
1038,A light computer is preferable.
1039,I need a computer that is easy to get started.
1040,I am changing to a new computer and I want to come with amazing speakers and comfortable keyboard.
1041,"I need something to bring to work and I hope it would be thin, light and sturdy."
1042,I am replacing my old computer that I want a full sized keyboard with a number pad.
1043,I want a new gaming laptop that play my games well with a good price.
1044,I am buying a new computer for my relative and he needs a good CPU to play games well.
1045,My old computer doesn't work for me anymore and I need a responsive one with high performance-cost ratio.
1046,I need a new computer that is fast and economical.
1047,All I need is a computer that play games well.
1048,I do video editing so the computer should work great with that.
1049,I would use the computer for engineering purposes and it should be good looking and affordable.
1050,I need a computer that run any games well.
1051,I am sensitive to sound so I want the best sound quality on my computer.
1052,I do a lot of typing so the keys should be wonderful.
1053,I am finding a new computer that the keyboard is nice looking and comfortable.
1054,I have a kid in school and I am buying him a new laptop with a chassis texture.
1055,I am finding a new laptop for myself that has a high performance-cost ratio.
1056,I am a student and am looking for a laptop that has a long battery life and a nice screen.
1057,I am finding my first laptop in college and I need it to have excellent visual fidelity and a full keyboard.
1058,My old computer needs replacement and I need one that is sleek and thin.
1059,I am going to buy a new computer and I want it to startup fast with a reasonable price.
1060,I need a new computer for work so everything should be fast including the bootup.
1061,A lightweight computer is what I need.
1062,I want to find a computer that can navigate fast and easily.
1063,I write programmes so I need a computer that is perfect for programming.
1064,I need a computer that immdiately wakes when I use it.
1065,I want a fast computer with a good shell.
1066,I am finding a new computer that have good specs but low price.
1067,I need a fast computer with high performance-cost ratio.
1068,I will need a functional computer.
1069,My old computer just died and I need one that startup smoothly.
